"O TG6N9 Y7PEU2CMY514IKDSYWOBGCT5P82";"WE74PGVLPPP1TD3GWIJI8OPD2FTLHIBL";"G30UN3BXX28V 1O 3N F21PLV4RXVABM"
"B02Q7QSOBCFDGQVVB1MGJ2OGM436NJJX5RD";"OV4OA N1EMEGM6KEV1P2B5974SH7D1S6";"AS63NVUGDRGEG3VADYJR77N2U7W7LU43"
"G00E6 P39HH8454XCB QMBEXJ1V15R4UTEY";"THANWC2PTKEPMD 9NA Q1OK8GMQX7S9N";"4EVRGVO1PSOFRBGYWL0C9CAJGFEYYE7A"
"QAE4HWG3SF UEIWJOJEGICDSO83M2EX5CPL";"IPDB6WG2J1KHYTWPIWKYA NJ42I9UKLP";"N2YFOJR2XBY20OOJAUX13AFX8HG0OX7S"
"SE7OWV0878ML1WAWGP46T5A1RUWOKFWMSVC";"YD9C5RMR2QW148HGHUWSAK883GV6GXB1";"H7I4C2Q 1LIUPYFK48V4VMG5LDBQ 2A6"
"1KKVC4XG96LLXDPMLU 1LWB7AM5VK37LW8S";"6LW09U5EUPK524KANBKPORPE6I38QAKG";"5HRIUHT7XARWPQ9MWLOJ9QJ8VBH0G9D1"
"LRH8Y91PUJ7YOA9FYQBWDV3ACLK0E5G6D1Y";"5OG5EU8L59U43OMXUVBTJL2866JINR6Q";"3V2Q1J ACB6WCCED0 AN8TD4BWK75RY1"
"78K4Y2WQ8CEPK2G6AK58HOS05D8576O76LK";"RA92S6Q2709SYYU8Y8YPBY0XROQMO8MP";"MKXE4TRP0VI0CXOGPUSE9SDW0XACEL9S"
"DWY7PIRNE74UMF4CL5WE4TA4O2J8RQGA2SV";"QEQM455H4TEJSR 0OJMHWGWPHIGNNH08";" 51SQMF0HDKXRENJ7SF96FLL2JLU2J52"
"LS3B9U0IYMKK58IPLHG1BQTOC4SC6YRTCIM";"S6J7GQOL U285QJ6N3FSKJPTVIHAUY66";"CE9LY4UTALCX6FICMSN986RBF3LPD73J"
"G 0CAW49KUKHENNROVI7GNMI2C5NGPDXV68";"H4ERAS47OI6B07LLEKSV D3JAPWRWXIH";"QEK365JPTL1SHH1MX21W2D87WAHJXX9 "
"D5VVAWAGU U RIBJUFRIBGB623 P5DLA4G ";"C0AQHUY22JVRPDX7DU6E8YD71IURVF52";"5I42BGRCDNXR0UQ52499Q22GB1OCTVH8"
"MSKR254GUQURT1RE 0M70IQHTPVOBA8I03O";"QWA2DBC1WXC215  Y4ANU1I5BINK9BUY";"FE8WLHBE8CIRIJSQVQAXP5Y6AMQREY92"
"64O3VFA8UP A93JPN 4 KUCJ8XF3MJVJWNK";" 4NCMC3 U 1969UXDVXDP65R8OUYY7 5";"H58SUTE2M25NF73DVM4RS19768M1YREF"
"VFV7FP KJ5U84TUW4NX2MR3TFNO1KV2N2J8";"AARKCUMTF8JVO781SU2X4OJGS6087HOO";"9UXP G8NQ51G0S3923CEVTYLYGWBBDU8"
"O71THNT5NCERN3303K56K7VRVDJAMXNG3N2";"SA5C2K1F5JI JAKFA4U5TNMNYIYAQBLM";"FJ74373FN1VA9C7P8 KGLOAG4RX76O T"
"T8F3RO3NAWJE0 YX0J1M1TOYKWF7E5VJY1C";"HBLRPY5SE1W96KW5U KDW 0VJGOHMO63";"BEVTV CI2VKGFE2 MK42Y EJVVSSG2SK"
"UEF59EYO1QMJ3RE98NOFKKQ4QST7RN IWOC";"BUWHJCBWF3OTDVWCC1OKWDXK809RDAF8";"8TW7KJ 6M AU3CYHJGKVAV6IAUNQIQXT"
"JLHYFIW3782KS5OHOHD39QAD5HQVQ743EFC";"3L5ODRNSFF1BCU 5K6S4R7ABQJYIWO16";"DJD4PEPLU2CTE7TJ3GLYE945CXW63ONY"
"TDD3S1DW98S2MN9HSQSIBC4DBFP4P0446P7";"LLH0A1VHH0D0OW5R7JM0SRONKN8SI5C6";"RJL09WU2504CQVBKAQ22GTC8YQ1UCPWF"
