"YK5IEFL19V1 GIVJ31O00M8HT00WNG6JFPY";" MXVCVAFYBMB I41P GATHV5NYYJG3DL";"TS8M86 CGKLBDST97DAN95RXE1K8 7MY"
"O3V CA68N2D050TNEO07TEO5TF5LVIYE1XM";"UNNKJ4TB0 E9Q1R8A6MK84CXQDXP4UCR";"M9UUCDWLSB22SLLF0N 43MF6XLKOHA R"
"2M0J5U4Q2MAO0 7MOU7YXK9PJFF3HV8 5BF";"BLBX58SYLTBT5K6RY FN82IXLDCQHNJ4";"TAL4M1BE6PDHXD5T4UFYRPRM6WN654JU"
"3FWWY500I9958SHNN2B4DDC64A3Q36UGEUN";"Y0PXAX6M14PG9B0W0RYK 8VOQPBJ1DNQ";"UQ5U4B4FUDNCMQ15QOLL8P79J0R0AWVN"
"4AYD8I4FF9AP5WFME96NSD41JUPOX5DIUMW";"R67O295610FL0Q2K3QWDGR6B2TN254L7";"L9RGRMAYBUPFPIWMEP2HG7BIUSLJ65P7"
"UW4H1C1LH 42OW6OH5GGL6U CLF3DMQYJT3";"44V9FJY QD5P8MB3DTM6M5BHY0QB2CCP";"CBCEFO OMB1MVVL23A336 VG8XD2 NY0"
"DCMLSUB 55US70 9V8KLYD2KBOC4VMPFY0F";"VPESAE3 NV2BM0TFAR85B39C2CNC1N4X";"R5I8UFJW6WQTR74P5IMY56RMBU42QGP4"
"SLU9H18UGSF2X5X3B5BX6FFB3 CAHKA98FK";"5L5EEO4LQY3XU7W S3CF9O9MLO454391";"WPGFP4GGSELWT9LDFA6K 7125QEWFX55"
"TU8PWF3WXX65G0SSL4139PBV1SQW4BA4WLE";"M56BIJTSAUT5GUXR64D735LJ2LKUBUAT";"9T5KKBCNND1TJ BF2A1K7QWF4MH2XNO6"
"SGMIQ5Y1YUHREGKVRBVHIH827C8XNBKBCCU";"AL5Q6H322KEJWTJA6WARE5SVFI JJIUI";"R029XU DD96J7MQSO 1J7QRU39A10KUV"
"Y621 WSAKTS0T 07UIX D0PYNCRU OSK5J2";"9JGKMYGI1Q5Q4WPX25NYGODH75G6O1QI";"OOG34SC218R22RHTAKQ3DE3Y87FCDUBE"
"GD29SFRP5XUB4C9PFNNC7JEVSJOG5B6CSQ3";"UVUIKKWH8QCWGNKP53V UQDAC0BXOLYY";"RW6QHIJM076H98BH93BXXAM07T2JLYXI"
"N46XC0F JUM2YA02UJ72738QDPHG1WT5P7A";"K3UI4YL99N1B5VCTSO62IK2QGAN I9SW";"2MRV7QTJ7WHSU469GDMQ086Q27567NPE"
"3OWNLGC0CSLPM68 L6NJR028R7VFXMQX0KD";"WWPBD0 UAYV36X698H YIBG11V0YM1D5";"4ID7DCKSSVE4RT353Y68O9QC997XLYTV"
"4C7FDH6K6CREVB5O088WUKQ6LM06WJUAIHD";"SQ8NBYLS1Y9DEH9L4VJETBO2XHMHCA  ";"W1VI LEYHDBLV DQR758XSGQNOFD26J8"
"LE 1S0NDWIICPG5AO8AJHH TUPH7TNRY799";"LVXBVC74KQ79LH UGYL6A723DKB8UL59";"OHPK  01BI9EYMD1JABGKFM5HWO8UXDB"
"62YL7E6MXIR1VM0GDQEBIPFR8CJGADXVAKX";"0CX3VWOHA4F0D7XNOPO4OX2 1CLY9SHC";"8V156ABOQ4WOOWMOU47SE4RGE8H722XH"
"PVBV  5YY3OELU9UFUNV9GLBE5 XD NY2EU";"7 1V1R1Y4R9TD4R5OTV4POA50WNCN2Q4";"P0O49LC NTLPLDVSJEX243F4JM01RR0N"
"42GYBGDOA9LIGN28HYBJ9YSPJAT09B61997";"QCQH 8I8B2OY22D0NQ00WYIIS A7XUV0";"LVDWX62G9XSRJAFKXBRANHHW0M4DLUQY"
"J6PO7821E0VSVBR4GU0R1LA6L8K1L652U2B";"JU3UAYFHKADOU2RDBSIRTJOI880CYU00";"DRU36NVIEGGGNPI7Y0356CHGMVBJ7YYH"
