"6UL63TC8 GI61P7U0AU9IQ7KWVARXEEHIXG";"B7D9BSDO21BBU8GU1ISMW3WFRXRBGEFD";"O30SH67045889L9OCRTK00YNH7UOEJX2"
"0RQDS53 1PUNMOA58CINT1MH6O3LPI JR67";"D C08U9MYJ0TD0QGXSHK55LIHBE3VPVC";"4  L 5C5EMOD18DLMU5E3 NJIK O2CX2"
"KEHBP7A OQ29BAV0GQ1XOT3P7 PLEYVRO34";"IGGNQBBR J8H2OMJBINIDM33YNY1YC4E";"7BA7UOSPPGJKSPNY2V LJQK48GQ7UQK3"
"TOX3GKK5E TFLNF1MFAO0B6LLROVM2Y5P13";"Y4JV1S2WX264O 0PPLYL9QYTLSW HAME";"D1G7IROEY6OJHAM9D5QA7XYXA8A0O20W"
"VDAKV8XLOGYW1YFNCGQAK4HKKWT1JA31PMF";"F64CA44FXYLJ 0Y3XMR3C0US9IDT6P R";"IUPAAPDJH K33G1MKRDLUH72P1HXGYJV"
"82H42PJSBYCKMFCUAUJLRRENI549Q5U80G7";"YPCUJH97HT0NL4NCB12749MP695CJ30E";"U5U3E5A 2XB0F SK5JLQ4OV4WRQRXDOT"
"O31L5SNKUBOPQ7OKBYNTWHT56J4IKHOQU6K";"1H24OBEPM HB2YFOI0IA1JCQ1CPK59LR";"29FBXX24TTS56 WA 4RYM0O7S67CSH 5"
"4QIVLHG6E4256 CUHM57HKH U18BN19MFWN";"K4Q KBOWNNSIUESRMJELB76MVR3EC7VT";"N AQSAQ0PUNIQ1QF5Q3P2KW5DK91JBC4"
"9SS9H2F 7M2ODNGQWLC2GUVTRWWVXMOFDP9";"TYJ9 HB8DQE68NGU5EQI6WFL7E3UGB13";"Q76XW4B YTXYC14IEH7OHP CSPCBX7H "
"IL2N3TEA9O9QHG7MAPCWVFM31MJO5O7KJTM";"I58UJ5QRY CBK76SY43ERKLHVT4VP6JO";"LA0RKNDM76HK9KEFDIP5IGGKORO2FGIS"
"JHSCEUK3IO9BLPAVN2J9KB7UA3IFI4XNFCS";"QNALUSI0 WEYYS0TF1SO3DBL6G9L7QW3";"FYTHFB0S15OPR65TDWETAUIGEWVL5TKH"
"JESANCNN8OH5SC4AKCUNXEK5U1M3YCXIDF ";"16SGBBB4FQY5HH0T78QS1UESTG60Y3UG";"QR891PIVIWEPYQ1U6MTHR7I5Q58C8AXH"
"H9MOTHD6P9TPRJM8A0QYT4A W0XFFIRT708";"A7JDDU3OPK204LJ6FLK8GPTFVSB9WR8G";"K MFTUBT4AA VCX71C4XU2 DS9OPO31P"
"7X EYO6KMYGRNW3IMK9IKA5J40UT6WSUK0S";"T0XDARUTL9FNRO0SNSHG30MGU6PIVG37";"9QY93V12QYN HGT3HJ3XBBKC5RU5BUHN"
"MJB8PMPYBTLYO0EK5DPG4CLM7LGAO90E135";"EN0F8RR9CFF87O02SAE1K45AO60WM7MG";"MVV44BEMKCD6LRXAIG7DW34TT1Y51D C"
"Y4KVUXX 3VJ7KTUXSDEGDO13VQPRFSG7J79";"4 LLBS66IH2W4QC06BVJFLSWN1LMSC6F";"W2NB2YB0BO21 7I2K6L46TN255Y8HQGC"
"4AFQ1WBQT2714TJNOT50KUIF2W9TV24L2PT";"KM 0J4MC6N1X4AW4LU5J5D4UIWGWYF6W";"MQ9A0VWA3 X4C238FI03O68YX0DWBE P"
"K4GY2W99IW LHE1OKW5BYJ2V1 CNI8S870N";"09D2MALF2X 1DFTY1PG5SADBKSG95KIE";"U2BFVDB1D1W 7VA4B2X8U69TCBHR10Q1"
"C33G1ABH4DKEHCLL0TSFAHP 7W1IY1X6OEY";"DULW V4KUBBNDJ D2VB04OG4P5M54KTX";" 328L4YE1DJ63GVNU7FJ 23I0H4F3I3I"
"EQ0QBFQ1IYEJQ5N9VA QDWST6HYFGVKU1PT";"HHARPSEK0SP5IT2NNNIHUHLTPC8XVTG6";"ULF6W C DD0ECWU6149YBEEHWSUIS6MS"
